{"cameraMode":{"drawMode":0,"name":"Shaded","section":"Shading Mode"},"sceneLighting":true,"audioPlay":false,"sceneViewState":{"m_AlwaysRefresh":false,"showFog":true,"showSkybox":true,"showFlares":true,"showImageEffects":true,"showParticleSystems":true,"showVisualEffectGraphs":true,"m_FxEnabled":true},"in2DMode":false,"pivot":{"x":2.9847302436828615,"y":1.6482605934143067,"z":-3.7987518310546877},"rotation":{"x":0.2396484911441803,"y":-0.05622275918722153,"z":0.013935262337327004,"w":0.9691663980484009},"size":5.649857521057129,"orthographic":false}